fecha,nombre,localidad,medio,notas,refs
25 de diciembre de 1860,Vicente Segura Argüelles,México,Diario de Avisos,Asesinado,13? 
1863,Carlos R. Casarín,México,"La Orquesta
Mi Sombrero",Asesinado,13?14? 
23 de septiembre de 1866,Donato Corzo Ruiz,"Chiapas, Chiapas",La Tijera,Asesinado,15? 
27 de abril de 1880,Santiago Sierra,"Estado de México, Estado de México",La Libertad,Asesinado,16? 
17 de febrero de 1885,Luis González y González,"Morelia, Michoacán","El Acero
El Explorador",Asesinado,17?18? 
28 de abril de 1887,Roberto Berea,México,N/A,Asesinado,13? 
13 de mayo de 1892,Pablo Ochoa,México,El Norte de Chihuahua,Asesinado,13? 
2 de abril de 1894,Emilio Ordóñez,"Pachuca, Hidalgo",N/A,Asesinado,19?20? 
30 de julio de 1895,Jesús Olmos y Contreras,"Puebla, Puebla","Crisis
La Voz de la Verdad",Asesinado,21? 
27 de enero de 1897,"José Cayetano Valadés Rocha
Pen name: (Asunción Sánchez)","Mazatlán, Sinaloa",La Tarántula,Asesinado,22?23?24? 
abril de 1901,Eusebio S. Almonte,"Mezcala, Guerrero",El Eco del Sur,Asesinado,25?26? 
30 de agosto de 1902,Vicente Rivero Echegaray,"Tampico, Tamaulipas",Bala Rasa,Asesinado,27? 
1908,Luis Díaz Coudert,México,El Diario de Chihuahua,Asesinado,13? 
1 de junio de 1911,José Sabás de la Mora,"Culiacán, Sinaloa",Voz del Norte,Asesinado,28? 
11 de agosto de 1912,Ignacio Herrerías,"Tlaltizapán, Morelos",El Tiempo,Asesinado,29? 
11 de agosto de 1912,Humberto León Strauss,"Tlaltizapán, Morelos",El Imparcial,Asesinado,29? 
11 de agosto de 1912,José Luis Rivera,"Tlaltizapán, Morelos",N/A,Asesinado,29? 
12 de septiembre de 1912,José Gurdiel Fernández,"Balancán, Tabasco",El Correo de Tabasco,Asesinado,30?31? 
12 de septiembre de 1912,Renón de la Moral,"Balancán, Tabasco",N/A,Asesinado,32? 
1913,- de la Torre,México,N/A,Asesinado,32?N 1? 
9 de febrero de 1913,Mariano Duque,Ciudad de México,El Defensor del Pueblo,Asesinado,25?33? 
22 de febrero de 1913,José Rumbia,"Tlaxcala, Tlaxcala",La Nueva República,Asesinado,34?
27 de agosto de 1913,Solón Argüello,"Ciudad de México, Ciudad de México",Nueva Era,Asesinado,25?35? 
diciembre de 1913,Víctor David Delgado,"Chihuahua, Chihuahua",N/A,Asesinado,36? 
agosto de 1914,A.F. Paredes,"Cananea, Sonora",La Voz de Cananea,Asesinado,32? 
agosto de 1914,Donancio Chávez,"Cananea, Sonora",La Verdad,Asesinado,32? 
septiembre de 1914,Manuel M. Hugues,"Cananea, Sonora",N/A,Asesinado,32? 
13 de diciembre de 1914,Paulino Martínez,México,"El Chinaco
La Voz de Juárez",Asesinado,37? 
9 de febrero de 1917,Faustino Díaz,"Sinaloa, Sinaloa",El Monitor Sinaloense,Desaparecido,22?38? 
1918,Lázaro Gutiérrez de Lara,"Sáric, Sonora",Revolución,Asesinado,39?40? 
1919,Marcos Torres Collado,"Cunduacán, Tabasco",El Chisme,Asesinado,41?42? 
años 1920,Juan Rafael Durán,"San Pedro de las Colonias, Coahuila","El Látigo
La Opinión",Asesinado,43?
abril de 1920,Francisco Rangel,"Guadalajara, Jalisco",Verbo Libre,Asesinado,44? 
12 de octubre de 1920,Manuel Lezcano,"Villahermosa, Tabasco",El Radical,Asesinado,45?
19 de julio de 1921,Florencio Ávila y Castillo,"Mérida, Yucatán",Asociación de Periodistas de Yucatán,Asesinado,46?47? 
24 de mayo de 1922,Jesús Z. Moreno,"Ciudad de México, Ciudad de México",El Heraldo de México,Asesinado,48? 
1923-1924,Pedro Flores González,"Ciudad de México, Ciudad de México",N/A,Asesinado,49? 
23 de junio de 1923,Ángel Pulido,"Ciudad de México, Ciudad de México",El Implacable,Asesinado,50? 
28 de julio de 1924,José Carmen Hernández,México,"El Colmillo
El Colmillo Público",Asesinado,51?52? 
5 de febrero de 1927,Archibaldo Clark,"Magdalena de Kino, Sonora",El Heraldo,Asesinado,53? 
abril de 1927,Anacleto González Flores,"Guadalajara, Jalisco",La Palabra,Asesinado,54?55? 
4 de octubre de 1927,Alonso Capetillo,"Huitzilac, Morelos",N/A,Asesinado,56? 
2 de octubre de 1928,Enrique Woolfolk,"Magdalena de Kino, Sonora",La Revista,Asesinado,57? 
31 de mayo de 1929,Luis D. Kluver,"Agua Prieta, Sonora",La Vanguardia,Asesinado,43?58? 
13 de septiembre de 1930,Arturo García,"Tuxtla Gutiérrez, Chiapas","Regeneración
Chiapas Nuevo",Asesinado,59? 
7 de febrero de 1936,Julián S. González,"Ciudad de México, Ciudad de México",El Tiempo,Asesinado,60? 
20 de abril de 1939,José Trinidad Mata,"Puebla, Puebla",Avante,Asesinado,61? 
15 de octubre de 1942,Eduardo Galdámez,"Tapachula, Chiapas",El Sur de México,Aseinado,59? 
3 de abril de 1944,Ignacio F. Herrerías,"Ciudad de México, Ciudad de México",Novedades,Asesinado,62? 
19 de abril de 1944,Salvador Guerrero González,"Torreón, Coahuila",La Opinión,Asesinado,63? 
31 de marzo de 1947,Vicente Villasana González,"Ciudad Victoria, Tamaulipas",El Mundo,Asesinado,64?65?66? 
11 de noviembre de 1948,Fernando Sánchez Bretón,"Ciudad de México, Ciudad de México",La Semana Ilustrada,Asesinado,62? 
19 de noviembre de 1949,"José María Jiménez Rubio
Pen name: (Nicanor)","Mazatlán, Sinaloa",El Correo de la Tarde,Asesinado,67?
24 de octubre de 1953,Raúl Parra Molina,"Salina Cruz, Oaxaca",La Voz de Sureste,Asesinado,68? 
julio de 1956,Manuel Acosta Meza,"Tijuana, Baja California",El Imparcial,Asesinado,69?70? 
2 de septiembre de 1956,Fernando Márquez Sánchez,"Tijuana, Baja California",Baja California,Asesinado,70? 
1959,Jorge Salinas Aragón,"Minatitlán, Veracruz",,,71? 
26 de noviembre de 1961,Carlos Estrada Sastré,"Tijuana, Baja California",,,69?72? 
8 de octubre de 1970,Ernesto Espinoza Hernández,"Chihuahua, Chihuahua",,,73? 
31 de julio de 1971,Vicente García Medina,"Sinaloa, Sinaloa",,,22? 
22 de enero de 1976,José Asunción Méndez,"Ciudad Juárez, Chihuahua",,,74? 
31 de julio de 1977,Mario Carlos Rodríguez Falcón,"Sinaloa, Sinaloa",,,22? 
16 de febrero de 1978,Roberto Martínez Montenegro,"Culiacán, Sinaloa",,,75?76? 
28 de septiembre de 1978,Patricio Pérez Pintado,"Loma Bonita, Oaxaca",,,77? 
1979,Álvaro Alemán,"Oaxaca, Oaxaca",,,78? 
1979,José Guadalupe Mendívil,"Sinaloa, Sinaloa",,,22? 
1979,Guillermo Gallardo Astorga,"Chihuahua, Chihuahua",,,79? 
13 de diciembre de 1979,Alberto Rodríguez Torres,"Pachuca, Hidalgo",,,80? 
1980,Alberto J. Altamirano,"Poza Rica, Veracruz",,,78? 
21 de febrero de 1980,Jorge Ortiz Lagunas ,"Cuernavaca, Morelos",Diario de Morelos,,81?82?83?84? 
7 de junio de 1980,Aarón Flores Heredia,"Sinaloa, Sinaloa",,,85? 
27 de junio de 1982,Cristóbal Sánchez Reyes,"Acayucan, Veracruz",,,86? 
1983,Salvador Cruz Cervantes,"Córdoba, Veracruz",,,87? 
27 de febrero de 1983,Mario Centeno Yáñez,"Naucalpan, Estado de México",,,88? 
20 de abril de 1983,Julián Sánchez Beltrán,"Tláhuac, Ciudad de México",,,89? 
17 de mayo de 1983,Eliseo Morán Muñoz,"Puente de Ixtla, Morelos",,,90? 
1984,Jorge Fernández Garduño,"Nezahualcóyotl, Estado de México",,,91? 
1984,Julio Hernández Garduño,"Ciudad Victoria, Tamaulipas",,,91? 
1984,Francisco Salvidar,"Reynosa, Tamaulipas",,,91? 
30 de mayo de 1984,Manuel Buendía Téllez-Girón,"Ciudad de México, Ciudad de México",,,92?93? 
30 de mayo de 1984,Javier Juárez Vázquez,"Minatitlán, Veracruz",,,94?95? 
1985,José Luis Nava Landa,"Chilpancingo, Guerrero",,,96? 
17 de enero de 1985,Jesús Godoy Mena,"Ayutla de los Libres, Guerrero",El Correo de Iguala,Asesinado,88? 
6 de marzo de 1985,Emilio Santiago Alvarado,"Tehuacán, Puebla",,,91?97? 
25 de octubre de 1985,Roberto Ornelas Reyes,"Mazatlán, Sinaloa",,,91?98? 
1986,Pablo Nájera López,"Sinaloa, Sinaloa",,,22? 
20 de marzo de 1986,Héctor Odilón López López,"Culiacán, Sinaloa",,,91?99? 
8 de agosto de 1986,Eleuterio Cachú de la Cerda,"Tijuana, Baja California",,,91?100? 
15 de agosto de 1986,Juan Manuel Félix Zueta,"Culiacán, Sinaloa",,,91?101? 
15 de agosto de 1986,María de Jesús Gil de Félix,"Culiacán, Sinaloa",,,101? 
17 de junio de 1986,Jorge Breñas Araya,"Reynosa, Tamaulipas",,,102? 
17 de julio de 1986,C. David Cárdenas Rueda,"Veracruz, Veracruz",,,91?103? 
17 de julio de 1986,Norma Alicia Moreno Figueroa,"Matamoros, Tamaulipas",,,94? 
17 de julio de 1986,Ernesto Flores Torrijos,"Matamoros, Tamaulipas",,,94? 
7 de octubre de 1986,Odilón López Urias,"Guamúchil-Culiacán, Sinaloa",,,104? 
5 de noviembre de 1986,Antonio Iván Menéndez Marcín,"Ciudad de México, Ciudad de México",,,88? 
10 de diciembre de 1986,Manuel Rodríguez Rodríguez,"Ciudad de México, Ciudad de México",,,105? 
2 de marzo de 1987,Martín Ortiz Moreno,"Acapulco, Guerrero",,,106? 
16 de octubre de 1987,Jesús Michel Jacobo,"Culiacán, Sinaloa",,,107? 
19 de octubre de 1987,Clementina Herreros Andrade,"Ciudad de México, Ciudad de México",,,108? 
28 de diciembre de 1987,Felipe González Hernández,"Nezahualcóyotl, Estado de México",,,109? 
22 de febrero de 1988,Manuel Burgueño Orduño,"Mazatlán, Sinaloa",,,110? 
19 de marzo de 1988,Damián Sergio de Luna,"Ciudad de México, Ciudad de México",,,111? 
20 de abril de 1988,Héctor Félix Miranda,"Tijuana, Baja California",,,112?113? 
15 de julio de 1988,Ronay González Reyes,"Comitán, Chiapas",,,114? 
23 de julio de 1988,Linda Bejarano,"Ciudad Juárez, Chihuahua",Canal 44,,115? 
15 de octubre de 1988,Rigoberto Coria Ochoa,"Acapulco, Guerrero",,,106? 
1989,Joel Herrera Zurita,N/A,,,91? 
11 de enero de 1989,Ezequiel Huerta Acosta,"Saltillo, Coahuila",,,106?116? 
19 de enero de 1989,Alberto Ruvalcaba Torres,"Jalisco, Jalisco",,,117? 
30 de junio de 1989,Elías Mario Medina Valenzuela,"Durango, Durango",,,118? 
23 de noviembre de 1989,Martín Heredia Sánchez,"Huasteca, Veracruz",,,N 2?119? 
19 de diciembre de 1989,Rodolfo Mendoza Morales,"Puebla, Puebla",,,106? 
23 de diciembre de 1989,Elvira Marcelo Esquivel,"Ciudad de México, Ciudad de México",,,120? 
10 de marzo de 1990,Jaime Huitrón,"Tula, Hidalgo",,,120? 
4 de mayo de 1990,Roberto Azúa Camacho,"Reynosa, Tamaulipas",,,105?121? 
6 de junio de 1990,Alfredo Córdova Solórzano,"Tapachula, Chiapas",,,122? 
1991,Lázaro Cárdenas,Michoacán,,,123? 
6 de abril de 1991,Alejandro Campos Moreno,"Cuernavaca, Morelos",,,123?124? 
3 de julio de 1991,Víctor Manuel Oropeza,"Ciudad Juárez, Chihuahua",,,125? 
7 de octubre de 1991,Juvencio Arenas Gálvez,"Ciudad de México, Ciudad de México",,,126? 
14 de octubre de 1991,Gabriel Venegas Valencia,N/A,,,127? 
31 de diciembre de 1991,Fernando Preciado Escobar,"Tapachula, Chiapas",,,122? 
13 de noviembre de 1992,Ignacio Mendoza Castillo,"Ciudad de México, Ciudad de México",,,128? 
de enero de 1993,Carlos Aguilar Garza,"Nuevo Laredo, Tamaulipas",,,129? 
2 de febrero de 1993,Roberto Antonio Mancilla Herrera,"Tuxtla Gutiérrez, Chiapas",,,122? 
15 de marzo de 1993,Jessica Elizalde de León,"Ciudad Juárez, Chihuahua",,,130? 
2 de junio de 1993,Araceli Caballero Hernández,"Ecatepec, Estado de México",,,130? 
17 de marzo de 1994,José Agustín Reyes,"La Paz, Baja California Sur",,,131? 
6 de junio de 1994,Jorge Martín Dorantes,"Cuernavaca, Morelos",,,132? 
6 de julio de 1994,Enrique Peralta Torres,"Cuernavaca, Morelos",,,133? 
11 de julio de 1994,José Luis Rojas,"Cuernavaca, Morelos",,,134? 
1995,Cuauhtémoc Ornelas Ocampo,N/A,,,N 3?135? 
5 de febrero de 1995,Ruperto Armenta Gerardo,"Guasave, Sinaloa",,,136? 
14 de mayo de 1995,Jessica Lizalde,"Ciudad Juárez, Chihuahua",,,137?138? 
18 de junio de 1995,Dante Espartaco Cortés,"Tijuana, Baja California",,,139? 
25 de octubre de 1996,Fernando Martínez Ochoa,"Chihuahua, Chihuahua",,,140? 
3 de diciembre de 1996,Fernando Balderas Sánchez,"Ciudad de México, Ciudad de México",,,141? 
3 de diciembre de 1996,Yolanda Figueroa,"Ciudad de México, Ciudad de México",,,141? 
22 de marzo de 1997,Jesús Abel Bueno León,"Chilpancingo, Guerrero",,,142? 
15 de julio de 1997,Benjamín Flores González,"San Luis Río Colorado, Sonora",,,143? 
26 de julio de 1997,Víctor Hernández Martínez,"Ciudad de México, Ciudad de México",,,144? 
16 de diciembre de 1997,Margarito Morales Ramírez,"Cocula, Jalisco",,,145?146? 
12 de febrero de 1998,Luis Mario García Rodríguez,"Ciudad de México, Ciudad de México",,,147? 
23 de octubre de 1998,Claudio Cortés García,"Ciudad de México, Ciudad de México",,,148?149? 
29 de octubre de 1998,Pedro Valle Hernández,"Zihuatanejo, Guerrero",,,94?150? 
15 de diciembre de 1998,Philip True,"Jalisco, Jalisco",,,151? 
15 de abril de 1999,Mario Morales Palacios,"Matamoros, Tamaulipas",,,102?152? 
28 de abril de 1999,Ramiro Ramírez Duarte,"Zacapu, Michoacán",,,94?153? 
7 de febrero de 2000,Luis Roberto Cruz Martínez,"Reynosa, Tamaulipas",,,154?155? 
9 de abril de 2000,Pablo Pineda Gaucín,"Matamoros, Tamaulipas",,,156?157? 
19 de abril de 2000,Hugo Sánchez Eustaquio,"Atizapan de Zaragoza, Estado de México",,,158? 
28 de abril de 2000,José Ramírez Puente,"Ciudad Juárez, Chihuahua",,,159? 
9 de febrero de 2001,Humberto Méndez Rendón,"Gómez Palacio, Durango",,,160? 
21 de febrero de 2001,José Luis Ortega Mata,"Ojinaga, Chihuahua",,,161?162? 
9 de marzo de 2001,José Barbosa Bejarano,"Ciudad Juárez, Chihuahua",,,163? 
27 de marzo de 2001,Saúl Antonio Martínez Gutiérrez,"Matamoros, Tamaulipas",,,164? 
12 de enero de 2002,Félix Alfonso Fernández García,"Miguel Alemán, Tamaulipas",,,165? 
1 de febrero de 2002,Julio Samuel Morales Ferrón,"Tacuba, Ciudad de México",El Sol de México ,,166?167? 
15 de octubre de 2002,José Miranda Virgen,"Veracruz, Veracruz",,,168? 
10 de junio de 2003,Jesús Mejía Lechuga,"La Torre, Veracruz",,,169?170? 
15 de septiembre de 2003,Gregorio Urieta,"Acapulco, Guerrero",,,169?170? 
13 de diciembre de 2003,Rafael Villafuerte Aguilar,"Ciudad Altamirano, Guerrero",,,155?171? 
11 de febrero de 2004,Alberto Torres Villegas,"Córdoba, Veracruz",,,172? 
19 de marzo de 2004,Roberto Javier Mora García,"Nuevo Laredo, Tamaulipas",,,173? 
20 de abril de 2004,Evaristo Ortega Zárate,"Colipa, Veracruz",,,N 4?174? 
22 de junio de 2004,Francisco Javier Ortiz Franco,"Tijuana, Baja California",,,175? 
31 de agosto de 2004,Francisco Arratia Saldierna,"Matamoros, Tamaulipas",,,176? 
9 de septiembre de 2004,Leodegario Aguilera Lucas,"Guerrero, Guerrero",,,169? 
28 de noviembre de 2004,Gregorio Rodríguez Hernández,"Escuinapa, Sinaloa",,,177? 
2 de abril de 2005,Alfredo Jiménez Mota,"Hermosillo, Sonora",,,178? 
8 de abril de 2005,Raúl Gibb Guerrero,"Poza Rica, Veracruz",,,179? 
16 de abril de 2005,Dolores Guadalupe García Escamilla,"Nuevo Laredo, Tamaulipas",,,180? 
17 de septiembre de 2005,José Reyes Brambila,"Guadalajara, Jalisco",,,181? 
31 de octubre de 2005,Hugo Barragán Ortiz,"Tierra Blanca, Veracruz",,,182? 
25 de octubre de 2005,Julio César Martínez Pérez,"Reynosa, Tamaulipas",,,183?184? 
6 de enero de 2006,José Valdés,"Sabinas, Coahuila",,,185? 
9 de marzo de 2006,Jaime Arturo Olvera Bravo,"La Piedad, Michoacán",,,186? 
10 de marzo de 2006,Ramiro Téllez Contreras,"Nuevo Laredo, Tamaulipas",,,187? 
26 de marzo de 2006,Rosendo Pardo Ozuna,"Tuxtla Gutiérrez, Chiapas",,,188? 
8 de julio de 2008,Rafael Ortiz Martínez,"Monclova, Coahuila",,,N 5?189? 
10 de agosto de 2006,Enrique Perea Quintanilla,"Chihuahua, Chihuahua",,,190? 
27 de octubre de 2006,Bradley Will,"Santa Lucía del Camino, Oaxaca",,,191? 
10 de noviembre de 2006,Misael Tade mayo deo Hernández,"Zihuatanejo, Guerrero",,,192? 
17 de noviembre de 2006,José Manuel Nava Sánchez,"Ciudad de México, Ciudad de México",,,193? 
20 de noviembre de 2006,José Antonio García Apac,"Tepalcatepec, Michoacán",,,N 6?194? 
21 de noviembre de 2006,Roberto Marcos García,"Veracruz, Veracruz",,,195? 
31 de noviembre de 2006,Alfonso Sánchez Guzmán,"Orizaba, Veracruz",,,168? 
8 de diciembre de 2006,Raúl Marcial Pérez,"Oaxaca, Oaxaca",,,196? 
17 de enero de 2007,Gerardo Guevara Domínguez,"Ocampo, Durango",,,197? 
20 de enero de 2007,Rodolfo Rincón Taracena,"Villahermosa, Tabasco",,,198? 
6 de abril de 2007,Amado Ramírez Dillanes,"Acapulco, Guerrero",,,199? 
16 de abril de 2007,Saúl Noé Martínez Ortega,"Nuevo Casas Grandes, Chihuahua",,,200? 
9 de mayo de 2007,Gabriel González Rivera,"Ciudad de México, Ciudad de México",,,201? 
5 de septiembre de 2007,Óscar Rivera Inzunza,"Culiacán, Sinaloa",,,202? 
8 de octubre de 2007,Mateo Cortés Martínez,"Tehuantepec, Oaxaca",,,203? 
8 de octubre de 2007,Agustín López Nolasco,"Tehuantepec, Oaxaca",,,204? 
8 de octubre de 2007,Flor Vásquez López,"Tehuantepec, Oaxaca",,,205? 
4 de diciembre de 2007,Gastón Alonso Acosta Toscano,"Aguas Prieta, Sonora",,,206? 
8 de diciembre de 2007,Gerardo Israel García Pimentel,"Uruapan, Michoacán",,,207? 
8 de diciembre de 2007,Juan Pablo Solís,"Tuxpan, Michoacán",,,208? 
7 de enero de 2008,Claudia Rodríguez Llera,"Estado de México, Estado de México",,,158? 
5 de febrero de 2008,Francisco Ortiz Monroy,"Camargo, Tamaulipas",,,209? 
7 de febrero de 2008,Bonifacio Cruz Santiago,"Nezahualcóyotl, Estado de México",,,210? 
7 de febrero de 2008,Alfonso Cruz Cruz,"Nezahualcóyotl, Estado de México",,,210? 
12 de febrero de 2008,Mauricio Estrada Zamora,"Apatzingán, Michoacán",,,N 7?211? 
27 de febrero de 2008,Luis Villanueva Berrones,"Tamaulipas, Tamaulipas",,,N 8?212?213?214? 
7 de abril de 2008,Teresa Bautista Merino,"Putla de Guerrero, Oaxaca",,,215? 
7 de abril de 2008,Felicitas Martínez Sánchez,"Putla de Guerrero, Oaxaca",,,216? 
24 de junio de 2008,José Carlos Campos Ezquerra,"Culiacán, Sinaloa",,,217? 
25 de junio de 2008,Candelario Pérez Pérez,"Ciudad Juárez, Chihuahua",,,218? 
24 de septiembre de 2008,Alejandro Zenón Fonseca Estrada,"Villahermosa, Tabasco",,,219? 
10 de octubre de 2008,Francisco Javier Salas,"Tijuana, Baja California",,,220? 
10 de octubre de 2008,David García Monroy,"Chihuahua, Chihuahua",,,221? 
10 de octubre de 2008,Miguel Ángel Villagómez Valle,"Lázaro Cárdenas, Michoacán",,,222? 
13 de noviembre de 2008,Armando Rodríguez Carreón,"Ciudad Juárez, Chihuahua",,,223? 
14 de diciembre de 2008,Raúl Martínez López,"Poza Rica, Veracruz",,,224? 
13 de febrero de 2009,Jean Paul Ibarra Ramírez,"Iguala, Guerrero",,,225? 
24 de febrero de 2009,Luis Daniel Méndez Hernández,"Huayacocotla, Veracruz",,,226? 
27 de febrero de 2009,Juan Carlos Hernández Mundo,"Taxco, Guerrero",,,227? 
3 de mayo de 2009,Carlos Ortega Samper,"Santa María El Oro, Durango",,,228? 
26 de mayo de 2009,Eliseo Barrón Hernández,"Gómez Palacio, Durango",,,229? 
12 de julio de 2009,Martín Javier Miranda Avilés,"Zitácuaro, Michoacán",,,230? 
14 de julio de 2009,Ernesto Montañez Valdivia,"Ciudad Juárez, Chihuahua",,,231? 
28 de julio de 2009,Juan Daniel Martínez Gil,"Acapulco, Guerrero",,,232? 
21 de septiembre de 2009,Jaime Omar Gándara Sanmartín,"Chihuahua, Chihuahua",,,233? 
23 de septiembre de 2009,Norberto Miranda Madrid,"Casas Grandes, Chihuahua",,,234? 
10 de octubre de 2009,Gerardo Esparza Mata,"Durango, Durango",,,235? 
11 de octubre de 2009,Fabián Ramírez López,"Mazatlán, Sinaloa",,,236? 
2 de noviembre de 2009,José Vladimir Antuna García,"Durango, Durango",,,237? 
11 de noviembre de 2009,María Esther Aguilar Cansimbe,"Zamora, Michoacán",,,N 9?238?239? 
24 de noviembre de 2009,José Emilio Galindo Robles,"Ciudad Guzmán, Jalisco",,,169? 
23 de diciembre de 2009,José Alberto Velázquez López,"Tulum, Quintana Roo",,,240? 
16 de enero de 2010,José Luis Romero,"Los Mochis, Sinaloa",,,241? 
8 de enero de 2010,Valentín Valdés Espinosa,"Saltillo, Coahuila",,,242? 
29 de enero de 2010,Jorge Ochoa Martínez,"Ayutla de los Libres, Guerrero",,,243? 
de marzo de 2010,Miguel Ángel Domínguez Zamora,"Reynosa, Tamaulipas",,,N 10?244? 
de marzo de 2010,Pedro Argüello,"Reynosa, Tamaulipas",,,N 11?244? 
de marzo de 2010,David Silva,"Reynosa, Tamaulipas",,,N 12?244? 
2 de marzo de 2010,Jorge Rábago Valdez,"Reynosa, Tamaulipas",,,245? 
12 de marzo de 2010,Evaristo Pacheco Solís,"Chilpancingo, Guerrero",,,246? 
6 de abril de 2010,Ramón Ángeles Zalpa,"Michoacán, Michoacán",,,N 13?247? 
10 de abril de 2010,Enrique Villicaña Palomares,"Morelia, Michoacán",,,248? 
17 de abril de 2010,María Isabella Cordero,"Chihuahua, Chihuahua",,,249? 
10 de mayo de 2007,Gamaliel López Candanosa,"Monterrey, Nuevo León",,,N 14?250?251? 
10 de mayo de 2007,Gerardo Paredes Pérez,"Monterrey, Nuevo León",,,N 15?250?251? 
23 de junio de 2010,Miguel Ángel Bueno Méndez,"Huixquilucan, Estado de México",,,252? 
28 de junio de 2010,Juan Francisco Rodríguez Ríos,"Coyuca de Benítez, Guerrero",,,253? 
28 de junio de 2010,María Elvira Hernández Galeana,"Coyuca de Benítez, Guerrero",,,254? 
6 de julio de 2010,Hugo Alfredo Olivera Cartas,"Apatzingán, Michoacán",,,255? 
10 de julio de 2010,Marco Aurelio Martínez Tijerina,"Montemorelos, Nuevo León",,,256? 
10 de julio de 2010,Guillermo Alcaraz Trejo,"Chihuahua, Chihuahua",,,256? 
7 de septiembre de 2010,Marcelo de Jesús Tejero Ocampo,"Carmen, Campeche",,,257? 
16 de septiembre de 2010,Luis Carlos Santiago Orozco,"Ciudad Juárez, Chihuahua",,,258? 
27 de septiembre de 2010,Rafael Armando Muro,"Ciudad Juárez, Chihuahua",,,259? 
30 de septiembre de 2010,Juan Francisco García Márquez,"Ciudad Juárez, Chihuahua",,,260? 
4 de octubre de 2010,José Juan Núñez Sarabia,"Santiago Papasquiaro, Durango",,,261? 
28 de octubre de 2010,Selene Hernández León,"Toluca, Estado de México",,,262? 
5 de noviembre de 2010,Carlos Alberto Guajardo Romero,"Matamoros, Tamaulipas",,,263? 
9 de febrero de 2011,Rodolfo Ochoa Moreno,"Torreón, Coahuila",,,264? 
25 de marzo de 2011,Luis Emmanuel Ruiz Carrillo,"Guadalupe, Nuevo León",,,265? 
25 de marzo de 2011,José Luis Cerda Meléndez,"Guadalupe, Nuevo León",,,266? 
25 de mayo de 2011,Juan Roberto Gómez Meléndez,"Guadalupe, Nuevo León",,,267? 
31 de mayo de 2011,Noel López Olguín,"Chinameca, Morelos",,,268? 
7 de junio de 2011,Marco Antonio López Ortiz,"Acapulco, Guerrero",,,N 16?269? 
14 de junio de 2011,Pablo Ruelas Barraza,"Huatabampo, Sonora",,,270? 
20 de junio de 2011,Miguel Ángel López Velasco,"Veracruz, Veracruz",,,271? 
20 de junio de 2011,Misael López Solana,"Veracruz, Veracruz",,,272? 
3 de julio de 2011,Ángel Castillo Corona,"Ocuilan, Estado de México",,,273? 
26 de julio de 2011,Yolanda Ordaz de la Cruz,"Veracruz, Veracruz",,,274? 
1 de septiembre de 2011,Ana María Marcela Yarce Viveros,"Iztapalapa, Ciudad de México",,,275? 
1 de septiembre de 2011,Rocío González Trápaga,"Iztapalapa, Ciudad de México",,,275? 
20 de septiembre de 2011,Manuel Gabriel Fonseca Hernández,"Acayucán, Veracruz",,,N 17?276? 
24 de septiembre de 2011,María Elizabeth Macías Castro,"Nuevo Laredo, Tamaulipas",,,277? 
25 de agosto de 2011,Humberto Millán Salazar,"Culiacán, Sinaloa",,,278? 
3 de diciembre de 2011,Hugo César Muruato Flores,"Chihuahua, Chihuahua",,,279? 
7 de enero de 2012,Raúl Régulo Quirino Garza,"Cadereyta, Nuevo León",,,280? 
20 de abril de 2012,Héctor Javier Salinas Aguirre,"Chihuahua, Chihuahua",,,281? 
20 de abril de 2012,Javier Moya Muñoz,"Chihuahua, Chihuahua",,,281? 
28 de abril de 2012,Regina Martínez Pérez,"Xalapa, Veracruz",,,282? 
3 de mayo de 2012,Gabriel Huge Córdova,"Boca del Río, Veracruz",,,283? 
3 de mayo de 2012,Guillermo Luna Varela,"Boca del Río, Veracruz",,,283? 
3 de mayo de 2012,Esteban Rodríguez,"Boca del Río, Veracruz",,,284? 
3 de mayo de 2012,Ana Irasema Becerra Jiménez,"Boca del Río, Veracruz",,,285? 
13 de mayo de 2012,René Orta Salgado,"Cuernavaca, Morelos",,,286? 
18 de mayo de 2012,Marco Antonio Ávila García,"Empalme, Sonora",,,287? 
21 de mayo de 2012,Zane Plemmons,"Nuevo Laredo, Tamaulipas",,,N 18?288?289? 
14 de junio de 2012,Víctor Manuel Báez Chino,"Xalapa, Veracruz",,,290?291? 
23 de junio de 2012,Federico Manuel García Contreras,"Tanquián de Escobedo, San Luis Potosí",,,N 19?292? 
30 de junio de 2012,Armando Montaño,"Ciudad de México, Ciudad de México",,,293? 
25 de julio de 2012,Miguel Morales Estrada,"Poza Rica, Veracruz",,,N 20?294? 
13 de agosto de 2012,Mario A. Segura,"Tampico, Tamaulipas",,,N 21?295? 
19 de agosto de 2012,Ernesto Araujo Cano,"Chihuahua, Chihuahua",,,296? 
20 de agosto de 2012,José Antonio Aguilar Mota,"Ecuandureo, Michoacán",,,297? 
20 de agosto de 2012,Arturo Barajas López,"Ecuandureo, Michoacán",,,297? 
15 de octubre de 2012,Ramón Abel López Aguilar,"Tijuana, Baja California",,,298? 
26 de octubre de 2012,Adela Jazmín Alcaraz López,"San Luis Potosí, San Luis Potosí",,,N 22?299? 
14 de noviembre de 2012,Adrián Silva Moreno,"Tehuacán, Puebla",,,300? 
27 de noviembre de 2012,Sergio Landa Rosales,"José Cardel, Veracruz",,,N 23?301? 
22 de diciembre de 2012,David Araujo Arévalo,"Acapulco, Guerrero",,,302?303? 
4 de marzo de 2013,Jaime Guadalupe González Domínguez,"Ojinaga, Chihuahua",,,304? 
11 de marzo de 2013,Víctor Javier Campos,"Agua Prieta, Sonora",,,305? 
15 de marzo de 2013,Juan José García,"Jiménez, Chihuahua",,,306? 
15 de abril de 2013,Alonso de la Colina Sordo,"Puebla, Puebla",,,307? 
24 de abril de 2013,Daniel Alejandro Martínez Bazaldúa,"Saltillo, Coahuila",,,308? 
30 de abril de 2013,Gerardo José Padilla Blanquet,"Saltillo, Coahuila",,,N 24?309? 
2 de mayo de 2013,Rosa María Ríos Campos,"Morelia, Michoacán",,,310? 
24 de junio de 2013,Mario Ricardo Chávez Jorge,"Reynosa, Tamaulipas",,,311? 
17 de julio de 2013,Alberto López Bello,"Oaxaca, Oaxaca",El Imparcial,Asesinado,312? 
5 de noviembre de 2013,Alberto Angulo Gerardo,"Angostura, Sinaloa",Televisa Hermosillo,Asesinado,313? 
23 de enero de 2014,Miguel Ángel Guzmán Garduño,"Chilpancingo, Guerrero",Vértice,Asesinado,314? 
5 de febrero de 2014,Gregorio Jiménez de la Cruz,"Coatzacoalcos, Veracruz","Notisur
Liberal del Sur",Asesinado,315? 
16 de febrero de 2014,Omar Reyes Fabián,"Miahuatlán de Porfirio Díaz, Oaxaca",Tiempo,Asesinado,316? 
28 de febrero de 2014,Benjamín Galván Gómez,"Tamaulipas, Tamaulipas","Última Hora
Primera Hora",Asesinado,317?318? 
2 de junio de 2014,Jorge Torres Palacios,"Acapulco, Guerrero",El Dictamen de Guerrero,Asesinado,319? 
21 de julio de 2014,Julián Bacasegua Castro,"Guasave, Sinaloa",N/A,Desaparecido,320? 
30 de julio de 2014,Nolberto Herrera Rodríguez,"Guadalupe, Zacatecas",Canal 9,Asesinado,321? 
12 de agosto de 2014,Octavio Rojas Hernández,"Cosolapa, Oaxaca",El Buen Tono,Asesinado,322? 
21 de agosto de 2014,Marlén Valdez García,"Benito Juárez, Nuevo León",La Última Palabra,Asesinado,323?324? 
27 de agosto de 2014,Adrián Gaona Belmonte,"Reynosa, Tamaulipas",La Comadrita 97.3 Fm Radio,Asesinado,324?325? 
3 de septiembre de 2014,Víctor Pérez Pérez,"Ciudad Juárez, Chihuahua",Sucesos,Asesinado,326? 
12 de octubre de 2014,Octavio Atilano Román Tirado,"Mazatlán, Sinaloa",ABC Radio,Asesinado,327? 
16 de octubre de 2014,María del Rosario Fuentes Rubio,"Reynosa, Tamaulipas",Valor por Tamaulipas,Asesinado,328?329? 
22 de octubre de 2014,Jesús Antonio Gamboa Urías,"Los Mochis, Sinaloa",Nueva Prensa,Asesinado,330? 
3 de diciembre de 2014,Mario Alberto Crespo Ayón,"Mazatlán, Sinaloa",Uno TV,Desaparecido,331? 
2 de enero de 2015,Moisés Sánchez Cerezo,"Medellín, Veracruz",La Unión,Asesinado,332? 
4 de enero de 2015,Jazmín Martínez Sánchez,"Ixtlán del Río, Nayarit",Televisa Tepic,Asesinada,333? 
5 de enero de 2015,Jesús Tapia Rodríguez,"Parras de la Fuente, Coahuila",Parras TV,Asesinado,334? 
14 de abril de 2015,Abel Manuel Bautista Raymundo,"Santiago Juxtlahuaca, Oaxaca",Radio Spacio 96.1 FM,Asesinado,335? 
4 de mayo de 2015,Armando Saldaña Morales,"Cosolapa, Oaxaca","Radio Max
La Ke Buena",Asesinado,336? 
18 de junio de 2015,Ismael Díaz López,"Teapa, Tabasco","El Criollo
Tabasco Hoy",Asesinado,337? 
26 de junio de 2015,Gerardo Nieto Álvarez,"Comonfort, Guanajuato",El Tábano,Asesinado,338? 
2 de julio de 2015,Filadelfo Sánchez Sarmiento,"Miahuatlán, Oaxaca",La Favorita 103.3 FM,Asesinado,339? 
2 de julio de 2015,Juan Mendoza Delgado,"Medellín, Veracruz","El Dictamen
Escribiendo la Verdad",Asesinado,340? 
9 de julio de 2015,Édgar Hernández García,"Santa María Huatulco, Oaxaca",Oaxaca Foro Político,Asesinado,341? 
31 de julio de 2015,Rubén Espinosa Becerril,"Ciudad de México, Ciudad de México",Proceso,Asesinado,342? 
4 de agosto de 2015,Adrián Martínez López,"Jalpa de Méndez, Tabasco",Glamour Arte Fotográfico,Asesinado,343? 
6 de agosto de 2015,Juan Manuel Calderón García,"San Blas, Nayarit",La Caliente 107.4 FM,Asesinado,344? 
13 de agosto de 2015,Juan Heriberto Santos Cabrera,"Orizaba, Veracruz",Televisa,Asesinado,345? 
22 de agosto de 2015,Eduardo Herrera Sáenz,"Piedras Negras, Coahuila",Televisa,Asesinado,346? 
22 de septiembre de 2015,David Alonso Correa Rangel,"Ciudad Hidalgo, Michoacán",Fotógrafo freelance,Asesinado,347? 
23 de septiembre de 2015,José Joaquín Pérez Morales,"Villahermosa, Tabasco",Diario Presente,Asesinado,348? 
23 de septiembre de 2015,Aurelio Hernández Herrera,"Villahermosa, Tabasco",Diario Presente,Asesinado,348? 
28 de diciembre de 2015,América Maribel Alva Larrazolo,"Ciudad Juárez, Chihuahua",N/A,Asesinada,349? 
21 de enero de 2016,Marcos Hernández Bautista,"San Andrés Huaxpaltepec, Oaxaca","Imagen de Oaxaca
Diario Noticias Voz",Asesinado,350? 
22 de enero de 2016,Reynel Martínez Cerqueda,"Santiago Laollaga, Oaxaca",Manantial,Asesinado,351? 
9 de febrero de 2016,Anabel Flores Salazar,"Tehuacán, Puebla",El Sol de Orizaba,Asesinada,352? 
20 de febrero de 2016,Moisés Dagdug Lutzow,"Villahermosa, Tabasco",VX media group,Asesinado,353? 
25 de abril de 2016,Francisco Pacheco Beltrán,"Taxco de Alarcón, Guerrero",El Sol de Acapulco,Asesinado,354? 
14 de mayo de 2016,Manuel Santiago Torres González,"Poza Rica de Hidalgo, Veracruz","TV Azteca 
Radiover.com",Asesinado,354? 
19 de junio de 2016,Elidio Ramos Zárate,"Juchitán de Zaragoza, Oaxaca",El Sur,Asesinado,353? 
20 de junio de 2016,Zamira Esther Bautista,"Ciudad Victoria, Tamaulipas","El Mercurio 
La Verdad",Asesinada,353? 
26 de junio de 2016,Salvador García Olmos,"Huajuapan de León, Oaxaca",Tu Un Ñuu Savi,Asesinado,355? 
20 de julio de 2016,Pedro Tamayo Rosas,"Tierra Blanca, Veracruz","Al Calor Político 
Piñero de la Cuenca",Asesinado,356? 
12 de septiembre de 2016,Agustín Pavia,"Huajuapan de León, Oaxaca",Tu Un Ñuu Savi,Asesinado,355? 
14 de septiembre de 2016,Aurelio Cabrera Campos,"Huauchinango, Puebla",El Gráfico de la Sierra,Asesinado,355? 
10 de diciembre de 2016,Jesús Adrián Rodríguez Samaniego,"Chihuahua, Chihuahua",Antena 102.5 FM,Asesinado,357? 
22 de febrero de 2017,Carlos Alberto García Martínez,"Tecomán, Colima",Radiorama Colima,Asesinado,358? 
2 de marzo de 2017,Cecilio Pineda Birto,"Ciudad Altamirano, Guerrero","La Voz de la Tierra Caliente 
El Universal",Asesinado,359? 
19 de marzo de 2017,Ricardo Monlui Cabrera,"Yanga, Veracruz",El Sol de Córdoba,Asesinado,360? 
23 de marzo de 2017,Miroslava Breach Velducea,"Chihuahua, Chihuahua","El Norte de Ciudad Juárez 
La Jornada",Asesinada,361? 
14 de abril de 2017,Maximino Rodríguez Palacios,"La Paz, Baja California Sur",Colectivo Pericú,Asesinado,362? 
17 de abril de 2017,Juan José Roldán,"Calpulalpan, Tlaxcala",Síntesis de Tlaxcala,Asesinado,363?364?N 25? 
2 de mayo de 2017,Filiberto Álvarez Landeros,"Tlaquiltenango, Morelos",La Señal,Asesinado,365?366? 
15 de mayo de 2017,Javier Valdez Cárdenas,"Culiacán, Sinaloa",Semanario Ríodoce,Asesinado,367? 
15 de mayo de 2017,Jonathan Rodríguez Córdova,"Autlán de Navarro, Jalisco",Semanario El Costeño,Asesinado,368? 
26 de junio de 2017,Salvador Adame Pardo,"Múgica, Michoacán",Canal 6 TV de Nueva Italia,Asesinado,369? 
10 de julio de 2017,Edwin Rivera Paz,"Acayucan, Veracruz",Hable,Asesinado,370? 
31 de julio de 2017,Luciano Rivera,"Rosarito, Baja California","Dictamen 
CNR",Asesinado,371? 
22 de agosto de 2017,Cándido Ríos Vázquez,"Hueyapan de Ocampo, Veracruz","Diario de Acayucan 
La Voz de Hueyapan",Asesinado,372? 
06 de octubre de 2017,Edgar Daniel Esqueda Castro,"San Luis Potosí, San Luis Potosí",VoxPopuli de San Luis Potosí,Asesinado,373? 
19 de diciembre de 2017,Gumaro Pérez Aguilando,"Veracruz, Veracruz",La Voz del Sur de Veracruz,Asesinado,374? 
6 de enero de 2018,José Gerardo Martínez Arriaga,"Ciudad de México, Ciudad de México",El Universal ,Asesinado ,375? 
13 de enero de 2018,Carlos Domínguez Rodríguez,"Tamaulipas, Tamaulipas",Independiente,Asesinado,376?377? 
21 de marzo de 2018,Leobardo Vázquez Atzin,"Veracruz, Veracruz",Independiente,Asesinado,378? 
15 de mayo de 2018,Juan Carlos Huerta Gutiérrez,"Tabasco, Tabasco",Panorama sin reservas,Asesinado,379? 
24 de mayo de 2018,Alicia Díaz González,"Monterrey, Nuevo León","Reforma, El Financiero",Asesinada,380? 
30 de mayo de 2018,Héctor González Antonio ,"Tamaulipas, Tamaulipas","Excélsior, Grupo Imagen ",Asesinado ,381? 
10 de julio de 2018,Luis Pérez García ,"Ciudad de México, Ciudad de México",Encuesta de Hoy ,Asesinado ,382? 
23 de julio de 2018,Rubén Pat ,"Playa del Carmen, Quintana Roo",Seminario Playa New ,Asesinado ,383? 
29 de agosto de 2018,Javier Enrique Rodríguez en Cancún ,"Playa Caleta, Quintana Roo",Canal 10 ,Asesinado ,384? 
21 de septiembre de 2018,Mario Gómez ,"Chiapas, Chiapas",El Heraldo de Chiapas ,Asesinado ,385? 
3 de octubre de 2018,Sergio Martínez González ,"Chiapas, Chiapas",Enfoque de Chiapas ,Asesinado ,386? 
24 de octubre de 2018,Gabriel Soriano ,"Acapulco, Guerrero",Locutor de radio ,Asesinado ,387? 
1 de diciembre de 2018,Jesús Alejandro Márquez Jiménez,"Xalisco, Nayarit","Orión Informativo, Nayarit",Asesinado ,388? 
4 de diciembre de 2018,Diego García Corona,"Ecatepec, Estado de México","Morelos, Ecatepec ",Asesinado ,389? 
20 de enero de 2019,Rafael Murua ,"Mugele, Baja California Sur",Radio Comunitaria Radiokashana ,Asesinado ,25
9 de febrero de 2019,Jesús Eugenio Ramos Rodríguez ,"Emiliano Zapata, Tabasco",Noticiero Nuestra Región ,Asesinado ,25
16 de febrero de 2019,Reynaldo López ,"Hermosillo, Sonora",Independiente ,Asesinado ,25
16 de marzo de 2019,Santiago Barroso ,"San Luis Río Colorado, Sonora","Contraseña, Red 635 ",Asesinado ,390? 
24 de marzo del 2019,Omar Iván Camacho Mascareño ,"Salvador Alvarado, Sinaloa",Évora Sport y Noticieros Altavoz ,Asesinado ,25
2 de mayo del 2019,Telesforo Santiago Enríquez ,"San Agustín Loxicha, Oaxaca",Radio comunitaria El Cafetal ,Asesinado ,25
16 de mayo del 2019,Francisco Romero Díaz ,"Playa del Carmen, Quintana Roo",Quintana Roo Hoy ,Asesinado ,25
11 de junio del 2019,Norma Sarabia ,"Huimanguillo, Tabasco",Tabasco hoy ,Asesinada ,391? 
30 de julio de 2019,Rogelio Barragán ,"Zacatepec, Morelos",Guerrero Al Instante ,Asesinado ,26
2 de agosto de 2019,Edgar Alberto Nava López ,"Zihuatanejo, Guerrero",La Verdad Zihuatenejo ,Asesinado ,26
2 de agosto de 2019,Jorge Celestino Ruíz Váquez ,"Actopan, Veracruz",El Gráfico de Xalapa ,Asesinado ,26
24 de agosto de 2019,Nevith Condés Jaramillo ,"Tejupilco, Estado de México",El Observatorio del Sur ,Asesinado ,26
30 de marzo de 2020,María Elena Ferral ,"Papantla, Veracruz",Quinto Poder ,Asesinada ,26
16 de mayo de 2020,Jorge Miguel Armenta Ramos ,"Ciudad Obregón, Sonora",Medios Obson ,Asesinado ,26
2 de agosto de 2020,Pablo Morrugares Parraguirre ,"Iguala, Guerrero",PM Noticias ,Asesinado ,26
9 de septiembre de 2020,Julio Valdivia ,"Tezonapa, Veracruz",El Mundo de Córdoba ,Asesinado ,26
29 de octubre de 2020,Arturo Alba Medina ,"Ciudad Juárez, Chihuahua",Multimedios Televisión ,Asesinado ,27
2 de noviembre de 2020,Jesús Alonso Piñuelas ,"Ciudad Obregón, Sonora",El Shok de la Noticia' en Facebook ,Asesinado ,28
9 de noviembre de 2020,Israel Vázquez Rangel ,"Salamanca, Guanajuato",El Salmantino ,Asesinado ,392? 
7 de febrero de 2021,Edgar Leyva Mendoza ,"Tuxpan, Veracruz",Urbano 24 horas ,Asesinado ,393? 
3 de mayo de 2021,Benjamín Morales Hernández ,"Caborca, Sonora",Noticias Xonoidag ,Asesinado ,394? 
19 de agosto de 2021,Jacinto Romero Flores ,"Orizaba, Veracruz",Ori Stereo 99.3 FM ,Asesinado ,395? 
31 de octubre de 2021,Alfredo Cardoso ,"Acapulco, Guerrero",Dos Costas ,Asesinado ,396? 
10 de enero de 2022,José Luis Gamboa ,"Veracruz, Veracruz",Diario digital Inforegio ,Asesinado ,397? 
17 de enero de 2022,Margarito Martínez Esquivel ,"Tijuana, Baja California",Semanario Zeta ,Asesinado ,398? 
23 de enero de 2022,Lourdes Maldonado ,"Tijuana, Baja California",Semanario Zeta ,Asesinada ,399? 
31 de enero de 2022,Roberto Toledo ,"Zitácuaro, Michoacán",Monitor Michoacan ,Asesinado ,400? 
6 de febrero de 2022,Ernesto Islas Flores ,"Tijuana, Baja California",NotiRedes ,Asesinado ,401? 
10 de febrero de 2022,Heber López ,"Salina Cruz, Oaxaca",Noticias Web ,Asesinado ,402? 
